{"cameraMode":{"drawMode":31,"name":"Sprite Mask","section":"Miscellaneous"},"sceneLighting":false,"audioPlay":false,"sceneViewState":{"m_AlwaysRefresh":false,"showFog":true,"showSkybox":false,"showFlares":true,"showImageEffects":true,"showParticleSystems":true,"showVisualEffectGraphs":true,"m_FxEnabled":true},"in2DMode":false,"pivot":{"x":-0.01142778992652893,"y":0.1692027449607849,"z":0.017451606690883638},"rotation":{"x":-0.005360821262001991,"y":0.9831414818763733,"z":-0.18042558431625367,"w":-0.029211614280939103},"size":0.40301212668418887,"orthographic":false}