{"cameraMode":{"drawMode":31,"name":"Sprite Mask","section":"Miscellaneous"},"sceneLighting":true,"audioPlay":false,"sceneViewState":{"m_AlwaysRefresh":false,"showFog":true,"showSkybox":true,"showFlares":true,"showImageEffects":true,"showParticleSystems":true,"showVisualEffectGraphs":true,"m_FxEnabled":true},"in2DMode":false,"pivot":{"x":-7.408255100250244,"y":5.7836151123046879,"z":11.244670867919922},"rotation":{"x":-0.005360821262001991,"y":0.9831414818763733,"z":-0.18042558431625367,"w":-0.029211614280939103},"size":0.2043793499469757,"orthographic":false}