{"cameraMode":{"drawMode":31,"name":"Sprite Mask","section":"Miscellaneous"},"sceneLighting":true,"audioPlay":false,"sceneViewState":{"m_AlwaysRefresh":false,"showFog":true,"showSkybox":true,"showFlares":true,"showImageEffects":true,"showParticleSystems":true,"showVisualEffectGraphs":true,"m_FxEnabled":true},"in2DMode":false,"pivot":{"x":-15.150710105895996,"y":-90.94281005859375,"z":-168.4409637451172},"rotation":{"x":-0.0029525840654969217,"y":0.9756994843482971,"z":-0.21869777143001557,"w":-0.013172703795135022},"size":70.64910125732422,"orthographic":true}