{"cameraMode":{"drawMode":31,"name":"Sprite Mask","section":"Miscellaneous"},"sceneLighting":true,"audioPlay":false,"sceneViewState":{"m_AlwaysRefresh":false,"showFog":true,"showSkybox":true,"showFlares":true,"showImageEffects":true,"showParticleSystems":true,"showVisualEffectGraphs":true,"m_FxEnabled":true},"in2DMode":false,"pivot":{"x":-4.301097869873047,"y":2.6014294624328615,"z":-3.1104736328125},"rotation":{"x":-0.00042605269118212163,"y":0.9898590445518494,"z":-0.14201752841472627,"w":-0.0029695876874029638},"size":11.056254386901856,"orthographic":true}