{"cameraMode":{"drawMode":31,"name":"Sprite Mask","section":"Miscellaneous"},"sceneLighting":true,"audioPlay":false,"sceneViewState":{"m_AlwaysRefresh":false,"showFog":true,"showSkybox":true,"showFlares":true,"showImageEffects":true,"showParticleSystems":true,"showVisualEffectGraphs":true,"m_FxEnabled":true},"in2DMode":false,"pivot":{"x":-7.2193098068237309,"y":15.156181335449219,"z":-5.353172302246094},"rotation":{"x":0.0014753005234524608,"y":0.9804341197013855,"z":-0.19670313596725465,"w":0.00735338544473052},"size":24.247364044189454,"orthographic":false}