{"cameraMode":{"drawMode":31,"name":"Sprite Mask","section":"Miscellaneous"},"sceneLighting":true,"audioPlay":false,"sceneViewState":{"m_AlwaysRefresh":false,"showFog":true,"showSkybox":true,"showFlares":true,"showImageEffects":true,"showParticleSystems":true,"showVisualEffectGraphs":true,"m_FxEnabled":true},"in2DMode":false,"pivot":{"x":-15.150710105895996,"y":-90.94281005859375,"z":-168.4409637451172},"rotation":{"x":-0.004278402775526047,"y":0.9711806774139404,"z":-0.23766426742076875,"w":-0.017483102157711984},"size":70.07858276367188,"orthographic":true}