{"cameraMode":{"drawMode":31,"name":"Sprite Mask","section":"Miscellaneous"},"sceneLighting":true,"audioPlay":false,"sceneViewState":{"m_AlwaysRefresh":false,"showFog":true,"showSkybox":true,"showFlares":true,"showImageEffects":true,"showParticleSystems":true,"showVisualEffectGraphs":true,"m_FxEnabled":true},"in2DMode":false,"pivot":{"x":-3.8521952629089357,"y":2.529019355773926,"z":-1.2761802673339844},"rotation":{"x":0.004212052561342716,"y":-0.9679046273231506,"z":0.25075843930244448,"w":0.01625853404402733},"size":6.1914472579956059,"orthographic":false}