{"cameraMode":{"drawMode":31,"name":"Sprite Mask","section":"Miscellaneous"},"sceneLighting":true,"audioPlay":false,"sceneViewState":{"m_AlwaysRefresh":false,"showFog":true,"showSkybox":true,"showFlares":true,"showImageEffects":true,"showParticleSystems":true,"showVisualEffectGraphs":true,"m_FxEnabled":true},"in2DMode":false,"pivot":{"x":-12.001739501953125,"y":5.345534801483154,"z":-47.111083984375},"rotation":{"x":0.00027222512289881706,"y":0.9997276067733765,"z":0.01649700105190277,"w":-0.01649700477719307},"size":30.092514038085939,"orthographic":false}