{"cameraMode":{"drawMode":31,"name":"Sprite Mask","section":"Miscellaneous"},"sceneLighting":true,"audioPlay":false,"sceneViewState":{"m_AlwaysRefresh":false,"showFog":true,"showSkybox":true,"showFlares":true,"showImageEffects":true,"showParticleSystems":true,"showVisualEffectGraphs":true,"m_FxEnabled":true},"in2DMode":false,"pivot":{"x":-4.182467460632324,"y":4.330480098724365,"z":-0.7614545822143555},"rotation":{"x":0.0014873180771246553,"y":0.9687712788581848,"z":-0.24788400530815125,"w":0.005812696646898985},"size":6.800319671630859,"orthographic":false}