{"cameraMode":{"drawMode":31,"name":"Sprite Mask","section":"Miscellaneous"},"sceneLighting":true,"audioPlay":false,"sceneViewState":{"m_AlwaysRefresh":false,"showFog":true,"showSkybox":true,"showFlares":true,"showImageEffects":true,"showParticleSystems":true,"showVisualEffectGraphs":true,"m_FxEnabled":true},"in2DMode":false,"pivot":{"x":-0.00000762939453125,"y":0.2681236267089844,"z":-0.8712615966796875},"rotation":{"x":-0.005360821262001991,"y":0.9831414818763733,"z":-0.18042558431625367,"w":-0.029211614280939103},"size":90.5096664428711,"orthographic":false}