{"cameraMode":{"drawMode":31,"name":"Sprite Mask","section":"Miscellaneous"},"sceneLighting":true,"audioPlay":false,"sceneViewState":{"m_AlwaysRefresh":false,"showFog":true,"showSkybox":true,"showFlares":true,"showImageEffects":true,"showParticleSystems":true,"showVisualEffectGraphs":true,"m_FxEnabled":true},"in2DMode":false,"pivot":{"x":-0.5087110996246338,"y":2.2238576412200929,"z":-5.731115818023682},"rotation":{"x":0.008443886414170266,"y":0.9824967384338379,"z":-0.18030741810798646,"w":0.046011026948690417},"size":7.656827926635742,"orthographic":true}