{"cameraMode":{"drawMode":31,"name":"Sprite Mask","section":"Miscellaneous"},"sceneLighting":false,"audioPlay":false,"sceneViewState":{"m_AlwaysRefresh":false,"showFog":true,"showSkybox":false,"showFlares":true,"showImageEffects":true,"showParticleSystems":true,"showVisualEffectGraphs":true,"m_FxEnabled":true},"in2DMode":false,"pivot":{"x":79.60704040527344,"y":47.171302795410159,"z":-55.23829650878906},"rotation":{"x":0.0007915903115645051,"y":0.9977536797523499,"z":-0.0659475326538086,"w":0.011973303742706776},"size":96.81372833251953,"orthographic":false}