{"cameraMode":{"drawMode":31,"name":"Sprite Mask","section":"Miscellaneous"},"sceneLighting":false,"audioPlay":false,"sceneViewState":{"m_AlwaysRefresh":false,"showFog":true,"showSkybox":false,"showFlares":true,"showImageEffects":true,"showParticleSystems":true,"showVisualEffectGraphs":true,"m_FxEnabled":true},"in2DMode":false,"pivot":{"x":-32.78614044189453,"y":5.092499732971191,"z":-52.35001754760742},"rotation":{"x":0.0007915903115645051,"y":0.9977536797523499,"z":-0.0659475326538086,"w":0.011973303742706776},"size":3.9998579025268556,"orthographic":false}