{"cameraMode":{"drawMode":31,"name":"Sprite Mask","section":"Miscellaneous"},"sceneLighting":false,"audioPlay":false,"sceneViewState":{"m_AlwaysRefresh":false,"showFog":true,"showSkybox":false,"showFlares":true,"showImageEffects":true,"showParticleSystems":true,"showVisualEffectGraphs":true,"m_FxEnabled":true},"in2DMode":false,"pivot":{"x":-0.3022616505622864,"y":1.2253433465957642,"z":2.2527780532836916},"rotation":{"x":-0.00002699748074519448,"y":0.9999560117721558,"z":-0.00899988692253828,"w":-0.002999781398102641},"size":3.102731943130493,"orthographic":false}