{"cameraMode":{"drawMode":31,"name":"Sprite Mask","section":"Miscellaneous"},"sceneLighting":false,"audioPlay":false,"sceneViewState":{"m_AlwaysRefresh":false,"showFog":true,"showSkybox":false,"showFlares":true,"showImageEffects":true,"showParticleSystems":true,"showVisualEffectGraphs":true,"m_FxEnabled":true},"in2DMode":false,"pivot":{"x":5.064060688018799,"y":1.0786482095718384,"z":0.0887908935546875},"rotation":{"x":-0.0019260324770584703,"y":0.9930285811424255,"z":-0.1167173981666565,"w":-0.016386428847908975},"size":5.95843505859375,"orthographic":true}