{"cameraMode":{"drawMode":31,"name":"Sprite Mask","section":"Miscellaneous"},"sceneLighting":false,"audioPlay":false,"sceneViewState":{"m_AlwaysRefresh":false,"showFog":true,"showSkybox":false,"showFlares":true,"showImageEffects":true,"showParticleSystems":true,"showVisualEffectGraphs":true,"m_FxEnabled":true},"in2DMode":false,"pivot":{"x":-0.001721356064081192,"y":-0.0019704625010490419,"z":-0.00014097988605499268},"rotation":{"x":0.0838162899017334,"y":0.04482617601752281,"z":-0.00377427926287055,"w":0.9954653382301331},"size":0.15073207020759583,"orthographic":true}