{"cameraMode":{"drawMode":31,"name":"Sprite Mask","section":"Miscellaneous"},"sceneLighting":false,"audioPlay":false,"sceneViewState":{"m_AlwaysRefresh":false,"showFog":true,"showSkybox":false,"showFlares":true,"showImageEffects":true,"showParticleSystems":true,"showVisualEffectGraphs":true,"m_FxEnabled":true},"in2DMode":false,"pivot":{"x":2.921956777572632,"y":1.7080744504928589,"z":-5.660398483276367},"rotation":{"x":-0.00009666680853115395,"y":0.997921884059906,"z":-0.06445541232824326,"w":-0.00149638787843287},"size":1.7246588468551636,"orthographic":true}