{"cameraMode":{"drawMode":31,"name":"Sprite Mask","section":"Miscellaneous"},"sceneLighting":false,"audioPlay":false,"sceneViewState":{"m_AlwaysRefresh":false,"showFog":true,"showSkybox":false,"showFlares":true,"showImageEffects":true,"showParticleSystems":true,"showVisualEffectGraphs":true,"m_FxEnabled":true},"in2DMode":false,"pivot":{"x":-4.406530857086182,"y":36.14525604248047,"z":111.94721221923828},"rotation":{"x":-0.0019260324770584703,"y":0.9930285811424255,"z":-0.1167173981666565,"w":-0.016386428847908975},"size":4.404942512512207,"orthographic":true}