{"cameraMode":{"drawMode":31,"name":"Sprite Mask","section":"Miscellaneous"},"sceneLighting":false,"audioPlay":false,"sceneViewState":{"m_AlwaysRefresh":false,"showFog":true,"showSkybox":false,"showFlares":true,"showImageEffects":true,"showParticleSystems":true,"showVisualEffectGraphs":true,"m_FxEnabled":true},"in2DMode":false,"pivot":{"x":0.01825428009033203,"y":7.153311252593994,"z":-5.425104141235352},"rotation":{"x":-0.0019260324770584703,"y":0.9930285811424255,"z":-0.1167173981666565,"w":-0.016386428847908975},"size":6.15652322769165,"orthographic":true}