{"cameraMode":{"drawMode":31,"name":"Sprite Mask","section":"Miscellaneous"},"sceneLighting":false,"audioPlay":false,"sceneViewState":{"m_AlwaysRefresh":false,"showFog":true,"showSkybox":false,"showFlares":true,"showImageEffects":true,"showParticleSystems":true,"showVisualEffectGraphs":true,"m_FxEnabled":true},"in2DMode":false,"pivot":{"x":3.9320385456085207,"y":7.545586109161377,"z":-6.1814165115356449},"rotation":{"x":0.0007915903115645051,"y":0.9977536797523499,"z":-0.0659475326538086,"w":0.011973303742706776},"size":21.40924835205078,"orthographic":false}