{"cameraMode":{"drawMode":31,"name":"Sprite Mask","section":"Miscellaneous"},"sceneLighting":false,"audioPlay":false,"sceneViewState":{"m_AlwaysRefresh":false,"showFog":true,"showSkybox":false,"showFlares":true,"showImageEffects":true,"showParticleSystems":true,"showVisualEffectGraphs":true,"m_FxEnabled":true},"in2DMode":false,"pivot":{"x":0.6522368788719177,"y":3.988008499145508,"z":1.8343315124511719},"rotation":{"x":0.0008906133589334786,"y":0.9986133575439453,"z":-0.049471866339445117,"w":0.01797664538025856},"size":7.6792402267456059,"orthographic":true}