{"cameraMode":{"drawMode":31,"name":"Sprite Mask","section":"Miscellaneous"},"sceneLighting":false,"audioPlay":false,"sceneViewState":{"m_AlwaysRefresh":false,"showFog":true,"showSkybox":false,"showFlares":true,"showImageEffects":true,"showParticleSystems":true,"showVisualEffectGraphs":true,"m_FxEnabled":true},"in2DMode":false,"pivot":{"x":4.441969871520996,"y":5.356498718261719,"z":0.38092947006225588},"rotation":{"x":0.0008906133589334786,"y":0.9986133575439453,"z":-0.049471866339445117,"w":0.01797664538025856},"size":6.924890995025635,"orthographic":false}